from,to,relative
VL,WAAL,0.14548316529483
VL,FR,0.38704011899192
VL,NL,0.09058385763641
VL,DE,0.2305770921654
VL,VL,0.146316
