from,to,relative
VL,WAAL,0.014548316529483
VL,FR,0.038704011899192
VL,NL,0.009058385763641
VL,DE,0.02305770921654
