from,to,relative
VL,WAAL,0.270596526087485
VL,FR,0.152823309796691
VL,NL,0.17733386469592
VL,DE,0.091301816999627
VL,VL,0.307944
